Department Family,Entity,Date,Expense Type,Expense Area,Supplier,Transaction No.,Amount,VAT Registration
Department of Health and Social Care,Lincolnshire Community Health Services NHS Trust,05/04/2022,Lease Buildings Insurance,Beech House Lincoln,Stenigot Uk Ltd,5868,71643,
Department of Health and Social Care,Lincolnshire Community Health Services NHS Trust,05/04/2022,Equipment Medical - Auc Pur,Lchs Balance Sheet,Sccl Ltd - Nhs Supply Chain (Capital),5922,62296.44,
Department of Health and Social Care,Lincolnshire Community Health Services NHS Trust,12/04/2022,Laboratory External Tests,Lish,Hsl Pathology Llp,2362,34066.26,
Department of Health and Social Care,Lincolnshire Community Health Services NHS Trust,12/04/2022,Laboratory External Tests,Lish,Hsl Pathology Llp,5942,48256.63,
Department of Health and Social Care,Lincolnshire Community Health Services NHS Trust,12/04/2022,Radiology Services,Louth Utc,United Lincolnshire Hospitals Nhs Trust,4242,38242.48,
Department of Health and Social Care,Lincolnshire Community Health Services NHS Trust,12/04/2022,Drugs,Medical Director,Lincolnshire Co-Operative Limited- Pharmacy,4728,27971.67,
Department of Health and Social Care,Lincolnshire Community Health Services NHS Trust,12/04/2022,Drugs,Medical Director,Lincolnshire Co-Operative Limited- Pharmacy,4734,27491.67,
Department of Health and Social Care,Lincolnshire Community Health Services NHS Trust,19/04/2022,Appentice Levy - Trust,Lchs Balance Sheet,Hm Revenue & Customs,6432,26670,
Department of Health and Social Care,Lincolnshire Community Health Services NHS Trust,19/04/2022,National Insurance - Ees,Lchs Balance Sheet,Hm Revenue & Customs,6430,418905.41,
Department of Health and Social Care,Lincolnshire Community Health Services NHS Trust,19/04/2022,National Insurance - Ers,Lchs Balance Sheet,Hm Revenue & Customs,6430,545155.56,
Department of Health and Social Care,Lincolnshire Community Health Services NHS Trust,19/04/2022,Paye - Trust,Lchs Balance Sheet,Hm Revenue & Customs,6431,671512.5,
Department of Health and Social Care,Lincolnshire Community Health Services NHS Trust,25/04/2022,Supply Chain Control<1yr,Lchs Balance Sheet,Sccl Ltd - Nhs Supply Chain (Capital),5940,101491.39,
Department of Health and Social Care,Lincolnshire Community Health Services NHS Trust,26/04/2022,Supply Chain Control<1yr,Lchs Balance Sheet,Sccl - Nhs Supply Chain (Sales),5526,56339.85,
Department of Health and Social Care,Lincolnshire Community Health Services NHS Trust,03/05/2022,It Services Contract,It,Netcall Technology Limited,5834,111368.4,
Department of Health and Social Care,Lincolnshire Community Health Services NHS Trust,10/05/2022,Supply Chain Control<1yr,Lchs Balance Sheet,Sccl - Nhs Supply Chain (Sales),6291,63870.68,
Department of Health and Social Care,Lincolnshire Community Health Services NHS Trust,10/05/2022,Supply Chain Control<1yr,Lchs Balance Sheet,Sccl - Nhs Supply Chain (Sales),6591,45969.03,
Department of Health and Social Care,Lincolnshire Community Health Services NHS Trust,10/05/2022,Drugs,Medical Director,Nhs Business Services Authority Pensions,6979,37762.69,
Department of Health and Social Care,Lincolnshire Community Health Services NHS Trust,17/05/2022,Membership Fees Education,Board Secretary,Care Quality Commission,6684,78462,
Department of Health and Social Care,Lincolnshire Community Health Services NHS Trust,17/05/2022,Estate Shared Service Contract,Facilities Management,Lincolnshire Partnership Nhs Trust,6217,160759,
Department of Health and Social Care,Lincolnshire Community Health Services NHS Trust,17/05/2022,Appentice Levy - Trust,Lchs Balance Sheet,Hm Revenue & Customs,7425,27373,
Department of Health and Social Care,Lincolnshire Community Health Services NHS Trust,17/05/2022,National Insurance - Ees,Lchs Balance Sheet,Hm Revenue & Customs,7426,467474.19,
Department of Health and Social Care,Lincolnshire Community Health Services NHS Trust,17/05/2022,National Insurance - Ers,Lchs Balance Sheet,Hm Revenue & Customs,7426,605682.45,
Department of Health and Social Care,Lincolnshire Community Health Services NHS Trust,17/05/2022,Paye - Trust,Lchs Balance Sheet,Hm Revenue & Customs,7430,730925.61,
Department of Health and Social Care,Lincolnshire Community Health Services NHS Trust,17/05/2022,Equipment Medical - Auc Pur,Lchs Balance Sheet,Walters Medical Limited,7596,35408.88,
Department of Health and Social Care,Lincolnshire Community Health Services NHS Trust,17/05/2022,Laboratory External Tests,Lish,Hsl Pathology Llp,7227,37534.36,
Department of Health and Social Care,Lincolnshire Community Health Services NHS Trust,17/05/2022,Clinical Equipment,Ops Medical Devices,Sccl - Nhs Supply Chain (Sales),5727,60681.7,
Department of Health and Social Care,Lincolnshire Community Health Services NHS Trust,17/05/2022,Nhs Subcontracted Services,Transitional Care,Age Uk Lincoln & South Lincolnshire,7260,42000,
Department of Health and Social Care,Lincolnshire Community Health Services NHS Trust,17/05/2022,Hart Service,Transitional Care,Age Uk Lincoln & South Lincolnshire,7260,40500,
Department of Health and Social Care,Lincolnshire Community Health Services NHS Trust,23/05/2022,Clinical Records System,Centralised It Budgets,The Phoenix Partnership (Leeds),6449,778058.88,
Department of Health and Social Care,Lincolnshire Community Health Services NHS Trust,24/05/2022,It Services Contract,Centralised It Budgets,The Phoenix Partnership (Leeds),7947,778058.88,
Department of Health and Social Care,Lincolnshire Community Health Services NHS Trust,24/05/2022,Estate Shared Service Contract,Facilities Management,Lincolnshire Partnership Nhs Trust,7175,37547,
Department of Health and Social Care,Lincolnshire Community Health Services NHS Trust,24/05/2022,Building Works - Auc Pur,Lchs Balance Sheet,Ron Gale & Sons Ltd,7672,97569.85,
Department of Health and Social Care,Lincolnshire Community Health Services NHS Trust,01/06/2022,It Services Contract,Centralised It Budgets,Arden And Gem Csu,7518,45376.25,
Department of Health and Social Care,Lincolnshire Community Health Services NHS Trust,01/06/2022,It Services Contract,Centralised It Budgets,Arden And Gem Csu,7609,45376.25,
Department of Health and Social Care,Lincolnshire Community Health Services NHS Trust,01/06/2022,Estate Shared Service Contract,Facilities Management,Lincolnshire Partnership Nhs Trust,7903,38185.55,
Department of Health and Social Care,Lincolnshire Community Health Services NHS Trust,01/06/2022,Computer Hardware - Auc Pur,Lchs Balance Sheet,Dell Corporation Limited,7687,48000,
Department of Health and Social Care,Lincolnshire Community Health Services NHS Trust,01/06/2022,Supply Chain Control<1yr,Lchs Balance Sheet,Sccl - Nhs Supply Chain (Sales),7077,38208.27,
Department of Health and Social Care,Lincolnshire Community Health Services NHS Trust,01/06/2022,Supply Chain Control<1yr,Lchs Balance Sheet,Sccl - Nhs Supply Chain (Sales),7417,71204.21,
Department of Health and Social Care,Lincolnshire Community Health Services NHS Trust,01/06/2022,Supply Chain Control<1yr,Lchs Balance Sheet,Sccl - Nhs Supply Chain (Sales),7652,47029.92,
Department of Health and Social Care,Lincolnshire Community Health Services NHS Trust,01/06/2022,Supply Chain Control<1yr,Lchs Balance Sheet,Sccl - Nhs Supply Chain (Sales),7814,59114.16,
Department of Health and Social Care,Lincolnshire Community Health Services NHS Trust,01/06/2022,Supply Chain Control<1yr,Lchs Balance Sheet,Sccl - Nhs Supply Chain (Sales),7971,46963.39,
Department of Health and Social Care,Lincolnshire Community Health Services NHS Trust,01/06/2022,It Services Contract,Lish,Softcat Ltd,8117,52775.26,
Department of Health and Social Care,Lincolnshire Community Health Services NHS Trust,01/06/2022,Drugs,Medical Director,Lincolnshire Co-Operative Limited- Pharmacy,6462,152329.47,
Department of Health and Social Care,Lincolnshire Community Health Services NHS Trust,01/06/2022,Nhs Subcontracted Services,Transitional Care,Age Uk Lincoln & South Lincolnshire,8060,73440,
Department of Health and Social Care,Lincolnshire Community Health Services NHS Trust,01/06/2022,Nhs Subcontracted Services,Transitional Care,Age Uk Lincoln & South Lincolnshire,8061,73440,
Department of Health and Social Care,Lincolnshire Community Health Services NHS Trust,07/06/2022,Service & Fm Charge,John Coupland Hospital,Nhs Property Services Ltd,2219,223198.8,
Department of Health and Social Care,Lincolnshire Community Health Services NHS Trust,07/06/2022,Supply Chain Control<1yr,Lchs Balance Sheet,Sccl - Nhs Supply Chain (Sales),8243,66632.77,
Department of Health and Social Care,Lincolnshire Community Health Services NHS Trust,07/06/2022,Supply Chain Control<1yr,Lchs Balance Sheet,Sccl - Nhs Supply Chain (Sales),8482,46113.39,
Department of Health and Social Care,Lincolnshire Community Health Services NHS Trust,07/06/2022,Drugs,Medical Director,Lincolnshire Co-Operative Limited- Pharmacy,7577,26951.67,
Department of Health and Social Care,Lincolnshire Community Health Services NHS Trust,07/06/2022,Drugs,Medical Director,Lincolnshire Co-Operative Limited- Pharmacy,7573,171735.43,
Department of Health and Social Care,Lincolnshire Community Health Services NHS Trust,07/06/2022,Service & Fm Charge,Skegness Hospital,Nhs Property Services Ltd,3750,49256.22,
Department of Health and Social Care,Lincolnshire Community Health Services NHS Trust,14/06/2022,Lease Buildings Insurance,Beech House Lincoln,Stenigot Uk Ltd,8408,71643,
Department of Health and Social Care,Lincolnshire Community Health Services NHS Trust,14/06/2022,Phone Rental And Calls,Centralised It Budgets,Arden And Gem Csu,8624,47400,
Department of Health and Social Care,Lincolnshire Community Health Services NHS Trust,14/06/2022,Continence Products,Child Incontinence Supplies,Essity Uk Ltd,7202,139249.7,
Department of Health and Social Care,Lincolnshire Community Health Services NHS Trust,14/06/2022,Service & Fm Charge,Fen Lane,Nhs Property Services Ltd,6103,25240.77,
Department of Health and Social Care,Lincolnshire Community Health Services NHS Trust,14/06/2022,Property Lease,John Coupland Hospital,Nhs Property Services Ltd,6092,70302.84,
Department of Health and Social Care,Lincolnshire Community Health Services NHS Trust,14/06/2022,Appentice Levy - Trust,Lchs Balance Sheet,Hm Revenue & Customs,8783,27017,
Department of Health and Social Care,Lincolnshire Community Health Services NHS Trust,14/06/2022,National Insurance - Ees,Lchs Balance Sheet,Hm Revenue & Customs,8785,464596.62,
Department of Health and Social Care,Lincolnshire Community Health Services NHS Trust,14/06/2022,National Insurance - Ers,Lchs Balance Sheet,Hm Revenue & Customs,8785,592603.22,
Department of Health and Social Care,Lincolnshire Community Health Services NHS Trust,14/06/2022,Paye - Trust,Lchs Balance Sheet,Hm Revenue & Customs,8784,699076.93,
Department of Health and Social Care,Lincolnshire Community Health Services NHS Trust,14/06/2022,Property Lease,Louth Hospital Estates Managem,Nhs Property Services Ltd,6117,38875.9,
Department of Health and Social Care,Lincolnshire Community Health Services NHS Trust,14/06/2022,Service & Fm Charge,Louth Hospital Estates Managem,Nhs Property Services Ltd,6101,41720.64,
Department of Health and Social Care,Lincolnshire Community Health Services NHS Trust,14/06/2022,Property Lease,Skegness Hospital,Nhs Property Services Ltd,6091,75155.9,
Department of Health and Social Care,Lincolnshire Community Health Services NHS Trust,14/06/2022,Service & Fm Charge,Spalding Hospitals,Nhs Property Services Ltd,6129,429928.02,
Department of Health and Social Care,Lincolnshire Community Health Services NHS Trust,14/06/2022,Property Lease,Spalding Hospitals,Nhs Property Services Ltd,2230,384214.74,
Department of Health and Social Care,Lincolnshire Community Health Services NHS Trust,14/06/2022,Service & Fm Charge,Spalding Hospitals,Nhs Property Services Ltd,2220,438480.34,
Department of Health and Social Care,Lincolnshire Community Health Services NHS Trust,14/06/2022,Continence Products,Specialist Continence Team,Essity Uk Ltd,8469,147877.16,
Department of Health and Social Care,Lincolnshire Community Health Services NHS Trust,21/06/2022,Estate Shared Service Contract,Facilities Management,Lincolnshire Partnership Nhs Trust,8845,38185.55,
Department of Health and Social Care,Lincolnshire Community Health Services NHS Trust,21/06/2022,Service & Fm Charge,John Coupland Hospital,Nhs Property Services Ltd,6098,265719.97,
Department of Health and Social Care,Lincolnshire Community Health Services NHS Trust,21/06/2022,Lease Liab>1yr,Lchs Balance Sheet,Nhs Property Services Ltd,7558,431095.06,
Department of Health and Social Care,Lincolnshire Community Health Services NHS Trust,21/06/2022,Laboratory External Tests,Lish,Hsl Pathology Llp,8554,45348.04,
Department of Health and Social Care,Lincolnshire Community Health Services NHS Trust,21/06/2022,Service & Fm Charge,Louth Hospital Estates Managem,Nhs Property Services Ltd,6087,251470.83,
Department of Health and Social Care,Lincolnshire Community Health Services NHS Trust,21/06/2022,Service & Fm Charge,Skegness Hospital,Nhs Property Services Ltd,6099,359756.16,
Department of Health and Social Care,Lincolnshire Community Health Services NHS Trust,21/06/2022,Service & Fm Charge,Spalding Miu,Nhs Property Services Ltd,8438,495500.01,
Department of Health and Social Care,Lincolnshire Community Health Services NHS Trust,28/06/2022,Computer Hardware - Auc Pur,Lchs Balance Sheet,Millgate Ltd,4447,42534,
Department of Health and Social Care,Lincolnshire Community Health Services NHS Trust,05/07/2022,It Services Contract,Centralised It Budgets,Gartner Uk Limited,8281,44880,
Department of Health and Social Care,Lincolnshire Community Health Services NHS Trust,05/07/2022,Computer Hardware - Auc Pur,Lchs Balance Sheet,Dell Corporation Limited,9619,96000,
Department of Health and Social Care,Lincolnshire Community Health Services NHS Trust,05/07/2022,Nhs Subcontracted Services,Transitional Care,Age Uk Lincoln & South Lincolnshire,9469,73440,
Department of Health and Social Care,Lincolnshire Community Health Services NHS Trust,12/07/2022,It Services Contract,Centralised It Budgets,Arden And Gem Csu,8788,45376.25,
Department of Health and Social Care,Lincolnshire Community Health Services NHS Trust,12/07/2022,It Services Contract,Centralised It Budgets,Arden And Gem Csu,9907,45376.25,
Department of Health and Social Care,Lincolnshire Community Health Services NHS Trust,12/07/2022,It Services Contract,Centralised It Budgets,Mll Telecom Ltd,9586,30828.91,
Department of Health and Social Care,Lincolnshire Community Health Services NHS Trust,12/07/2022,Financial Services Contract,Corporate Charges,United Lincolnshire Hospitals Nhs Trust,9544,35337,
Department of Health and Social Care,Lincolnshire Community Health Services NHS Trust,12/07/2022,Supply Chain Control<1yr,Lchs Balance Sheet,Sccl - Nhs Supply Chain (Sales),8813,35686.37,
Department of Health and Social Care,Lincolnshire Community Health Services NHS Trust,12/07/2022,Creditor Suspense,Lchs Balance Sheet,Sccl - Nhs Supply Chain (Sales),9127,47312.67,
Department of Health and Social Care,Lincolnshire Community Health Services NHS Trust,12/07/2022,Supply Chain Control<1yr,Lchs Balance Sheet,Sccl - Nhs Supply Chain (Sales),9355,55765.93,
Department of Health and Social Care,Lincolnshire Community Health Services NHS Trust,12/07/2022,Supply Chain Control<1yr,Lchs Balance Sheet,Sccl - Nhs Supply Chain (Sales),9657,58797.97,
Department of Health and Social Care,Lincolnshire Community Health Services NHS Trust,12/07/2022,Drugs,Medical Director,Lincolnshire Co-Operative Limited- Pharmacy,6461,29151.67,
Department of Health and Social Care,Lincolnshire Community Health Services NHS Trust,12/07/2022,Drugs,Medical Director,Lincolnshire Co-Operative Limited- Pharmacy,9918,214663.13,
Department of Health and Social Care,Lincolnshire Community Health Services NHS Trust,12/07/2022,Drugs,Medical Director,Lincolnshire Co-Operative Limited- Pharmacy,9919,28121.67,
Department of Health and Social Care,Lincolnshire Community Health Services NHS Trust,12/07/2022,Other Research Exp,Research & Clinical Audit,University Of Lincoln,5655,36193,
Department of Health and Social Care,Lincolnshire Community Health Services NHS Trust,19/07/2022,Printing And Stationery,Child Health Administration,Harlow Printing Ltd,10206,31348.8,
Department of Health and Social Care,Lincolnshire Community Health Services NHS Trust,19/07/2022,Estate Shared Service Contract,Facilities Management,Lincolnshire Partnership Nhs Trust,9940,38185.55,
Department of Health and Social Care,Lincolnshire Community Health Services NHS Trust,19/07/2022,Computer Hardware - Auc Pur,Lchs Balance Sheet,Advanced Network Security Ltd,8399,136012.98,
Department of Health and Social Care,Lincolnshire Community Health Services NHS Trust,19/07/2022,Appentice Levy - Trust,Lchs Balance Sheet,Hm Revenue & Customs,9956,26416,
Department of Health and Social Care,Lincolnshire Community Health Services NHS Trust,19/07/2022,National Insurance - Ees,Lchs Balance Sheet,Hm Revenue & Customs,9954,454749.25,
Department of Health and Social Care,Lincolnshire Community Health Services NHS Trust,19/07/2022,National Insurance - Ers,Lchs Balance Sheet,Hm Revenue & Customs,9954,577270.72,
Department of Health and Social Care,Lincolnshire Community Health Services NHS Trust,19/07/2022,Paye - Trust,Lchs Balance Sheet,Hm Revenue & Customs,9953,660817.85,
Department of Health and Social Care,Lincolnshire Community Health Services NHS Trust,19/07/2022,Service & Fm Charge,Skegness Hospital,Nhs Property Services Ltd,9578,62686.66,
Department of Health and Social Care,Lincolnshire Community Health Services NHS Trust,25/07/2022,Nurse B5,Corporate Charges,Nhs Business Services Authority Pensions,10472,44871.67,
Department of Health and Social Care,Lincolnshire Community Health Services NHS Trust,26/07/2022,Supply Chain Control<1yr,Lchs Balance Sheet,Sccl - Nhs Supply Chain (Sales),9984,101491.39,
Department of Health and Social Care,Lincolnshire Community Health Services NHS Trust,26/07/2022,Drugs,Medical Director,Nhs Business Services Authority- Fp10,9268,40290.52,
Department of Health and Social Care,Lincolnshire Community Health Services NHS Trust,26/07/2022,Service & Fm Charge,Skegness Hospital,Nhs Property Services Ltd,10168,228324.13,
Department of Health and Social Care,Lincolnshire Community Health Services NHS Trust,02/08/2022,Eat Equipment Purchase,Eats,Dh2 Solutions Ltd,10895,34162.2,
Department of Health and Social Care,Lincolnshire Community Health Services NHS Trust,02/08/2022,Service & Fm Charge,John Coupland Hospital,Nhs Property Services Ltd,10794,25001.15,
Department of Health and Social Care,Lincolnshire Community Health Services NHS Trust,02/08/2022,Building Works - Auc Pur,Lchs Balance Sheet,European Furniture Group Ltd,10972,49387.73,
Department of Health and Social Care,Lincolnshire Community Health Services NHS Trust,02/08/2022,Service & Fm Charge,Louth Hospital Estates Managem,Nhs Property Services Ltd,10169,251470.83,
Department of Health and Social Care,Lincolnshire Community Health Services NHS Trust,31/08/2022,Computer Software/License,Centralised It Budgets,Datix Limited,11335,35519.41,
Department of Health and Social Care,Lincolnshire Community Health Services NHS Trust,31/08/2022,Cnst Contributions,Chief Executive,Nhs Resolution,7645,569714,
Department of Health and Social Care,Lincolnshire Community Health Services NHS Trust,31/08/2022,Professional Fees,Iuec Admin Team,Liz Bainbridge Consultancy Ltd,11295,31502.56,
Department of Health and Social Care,Lincolnshire Community Health Services NHS Trust,31/08/2022,Equipment Medical - Auc Pur,Lchs Balance Sheet,De Smit Medical Systems Ltd,11044,46170,
Department of Health and Social Care,Lincolnshire Community Health Services NHS Trust,31/08/2022,Appentice Levy - Trust,Lchs Balance Sheet,Hm Revenue & Customs,11350,26629,
Department of Health and Social Care,Lincolnshire Community Health Services NHS Trust,31/08/2022,National Insurance - Ees,Lchs Balance Sheet,Hm Revenue & Customs,11347,396173.75,
Department of Health and Social Care,Lincolnshire Community Health Services NHS Trust,31/08/2022,National Insurance - Ers,Lchs Balance Sheet,Hm Revenue & Customs,11347,584789.86,
Department of Health and Social Care,Lincolnshire Community Health Services NHS Trust,31/08/2022,Paye - Trust,Lchs Balance Sheet,Hm Revenue & Customs,11346,673634.92,
Department of Health and Social Care,Lincolnshire Community Health Services NHS Trust,31/08/2022,Laboratory External Tests,Lish,Hsl Pathology Llp,9641,52695.62,
Department of Health and Social Care,Lincolnshire Community Health Services NHS Trust,31/08/2022,Laboratory External Tests,Lish,Hsl Pathology Llp,11210,51223.77,
Department of Health and Social Care,Lincolnshire Community Health Services NHS Trust,31/08/2022,Drugs,Medical Director,Lincolnshire Co-Operative Limited- Pharmacy,10188,27731.67,
Department of Health and Social Care,Lincolnshire Community Health Services NHS Trust,31/08/2022,Drugs,Medical Director,Lincolnshire Co-Operative Limited- Pharmacy,10187,182050.79,
Department of Health and Social Care,Lincolnshire Community Health Services NHS Trust,31/08/2022,Nhs Subcontracted Services,Transitional Care,Age Uk Lincoln & South Lincolnshire,11226,73440,
Department of Health and Social Care,Lincolnshire Community Health Services NHS Trust,31/08/2022,Nhs Subcontracted Services,Transitional Care,Age Uk Lincoln & South Lincolnshire,11228,73440,
Department of Health and Social Care,Lincolnshire Community Health Services NHS Trust,13/09/2022,Appentice Levy - Trust,Lchs Balance Sheet,Hm Revenue & Customs,12032,27010,
Department of Health and Social Care,Lincolnshire Community Health Services NHS Trust,13/09/2022,National Insurance - Ees,Lchs Balance Sheet,Hm Revenue & Customs,12034,398063.53,
Department of Health and Social Care,Lincolnshire Community Health Services NHS Trust,13/09/2022,National Insurance - Ers,Lchs Balance Sheet,Hm Revenue & Customs,12034,593936.91,
Department of Health and Social Care,Lincolnshire Community Health Services NHS Trust,13/09/2022,Paye - Trust,Lchs Balance Sheet,Hm Revenue & Customs,12033,688646.18,
Department of Health and Social Care,Lincolnshire Community Health Services NHS Trust,13/09/2022,Supply Chain Control<1yr,Lchs Balance Sheet,Sccl - Nhs Supply Chain (Sales),10113,45734.27,
Department of Health and Social Care,Lincolnshire Community Health Services NHS Trust,13/09/2022,Supply Chain Control<1yr,Lchs Balance Sheet,Sccl - Nhs Supply Chain (Sales),10422,57075.82,
Department of Health and Social Care,Lincolnshire Community Health Services NHS Trust,13/09/2022,Supply Chain Control<1yr,Lchs Balance Sheet,Sccl - Nhs Supply Chain (Sales),10716,51792.13,
Department of Health and Social Care,Lincolnshire Community Health Services NHS Trust,13/09/2022,Supply Chain Control<1yr,Lchs Balance Sheet,Sccl - Nhs Supply Chain (Sales),11090,56699.1,
Department of Health and Social Care,Lincolnshire Community Health Services NHS Trust,13/09/2022,Assessment & Ability Testing,Organisational Development,Champion Health Ltd,11932,63000,
Department of Health and Social Care,Lincolnshire Community Health Services NHS Trust,13/09/2022,Service & Fm Charge,Skegness Hospital,Nhs Property Services Ltd,10173,129033.1,
Department of Health and Social Care,Lincolnshire Community Health Services NHS Trust,20/09/2022,Service & Fm Charge,Fen Lane,Nhs Property Services Ltd,10164,25240.77,
Department of Health and Social Care,Lincolnshire Community Health Services NHS Trust,20/09/2022,Service & Fm Charge,Louth Hospital Estates Managem,Nhs Property Services Ltd,10171,41720.64,
Department of Health and Social Care,Lincolnshire Community Health Services NHS Trust,20/09/2022,Service & Fm Charge,Louth Hospital Estates Managem,Nhs Property Services Ltd,11060,35476.22,
Department of Health and Social Care,Lincolnshire Community Health Services NHS Trust,27/09/2022,Lease Liab>1yr,Lchs Balance Sheet,Nhs Property Services Ltd,10148,38875.9,
Department of Health and Social Care,Lincolnshire Community Health Services NHS Trust,27/09/2022,Drugs,Medical Director,Lincolnshire Co-Operative Limited- Pharmacy,11683,241136.77,
Department of Health and Social Care,Lincolnshire Community Health Services NHS Trust,27/09/2022,Drugs,Medical Director,Lincolnshire Co-Operative Limited- Pharmacy,11682,27951.67,
Department of Health and Social Care,Lincolnshire Community Health Services NHS Trust,27/09/2022,Ext Consultancy Strategy Fees,Organisational Development,Hunter Healthcare Resourcing Ltd,5026,45000,
Department of Health and Social Care,Lincolnshire Community Health Services NHS Trust,27/09/2022,Nhs Subcontracted Services,Transitional Care,Age Uk Lincoln & South Lincolnshire,12461,73440,
Department of Health and Social Care,Lincolnshire Community Health Services NHS Trust,04/10/2022,Lease Buildings Insurance,Beech House Lincoln,Stenigot Uk Ltd,12301,71643,
Department of Health and Social Care,Lincolnshire Community Health Services NHS Trust,04/10/2022,It Services Contract,Centralised It Budgets,Apira Ltd,8851,54900,
Department of Health and Social Care,Lincolnshire Community Health Services NHS Trust,04/10/2022,Estate Shared Service Contract,Facilities Management,Lincolnshire Partnership Nhs Trust,12332,37547,
Department of Health and Social Care,Lincolnshire Community Health Services NHS Trust,04/10/2022,Lease Liab>1yr,Lchs Balance Sheet,Nhs Property Services Ltd,10158,74481.58,
Department of Health and Social Care,Lincolnshire Community Health Services NHS Trust,04/10/2022,Laboratory External Tests,Lish,Hsl Pathology Llp,12378,47994.39,
Department of Health and Social Care,Lincolnshire Community Health Services NHS Trust,04/10/2022,Service & Fm Charge,Spalding Hospitals,Nhs Property Services Ltd,10989,65161.2,
Department of Health and Social Care,Lincolnshire Community Health Services NHS Trust,07/10/2022,Int Vat Refund / Payover,Lchs Balance Sheet,Hm Revenue And Customs,13488,51013.36,
Department of Health and Social Care,Lincolnshire Community Health Services NHS Trust,11/10/2022,Mobile Phones Purchases,Centralised It Budgets,Millgate Ltd,12705,40728,
Department of Health and Social Care,Lincolnshire Community Health Services NHS Trust,18/10/2022,It Services Contract,Centralised It Budgets,Arden And Gem Csu,11449,45376.25,
Department of Health and Social Care,Lincolnshire Community Health Services NHS Trust,18/10/2022,It Services Contract,Centralised It Budgets,Arden And Gem Csu,11931,45376.25,
Department of Health and Social Care,Lincolnshire Community Health Services NHS Trust,18/10/2022,It Services Contract,Centralised It Budgets,Arden And Gem Csu,13707,45376.25,
Department of Health and Social Care,Lincolnshire Community Health Services NHS Trust,18/10/2022,It Services Contract,Centralised It Budgets,Phoenix Software Ltd,13145,230058.72,
Department of Health and Social Care,Lincolnshire Community Health Services NHS Trust,18/10/2022,It Services Contract,Centralised It Budgets,Trustco Plc,13306,115200,
Department of Health and Social Care,Lincolnshire Community Health Services NHS Trust,18/10/2022,Estate Shared Service Contract,Facilities Management,Lincolnshire Partnership Nhs Trust,12328,38185.55,
Department of Health and Social Care,Lincolnshire Community Health Services NHS Trust,18/10/2022,Property Lease,John Coupland Hospital,Nhs Property Services Ltd,11396,62486.59,
Department of Health and Social Care,Lincolnshire Community Health Services NHS Trust,18/10/2022,Service & Fm Charge,John Coupland Hospital,Nhs Property Services Ltd,11397,213968.05,
Department of Health and Social Care,Lincolnshire Community Health Services NHS Trust,18/10/2022,Nnhs Ifrs16 Leasecar Ppay<1 Yr,Lchs Balance Sheet,Arval Uk Ltd,11230,42077.04,
Department of Health and Social Care,Lincolnshire Community Health Services NHS Trust,18/10/2022,Lease Liab>1yr,Lchs Balance Sheet,Arval Uk Ltd,11685,36324.18,
Department of Health and Social Care,Lincolnshire Community Health Services NHS Trust,18/10/2022,Appentice Levy - Trust,Lchs Balance Sheet,Hm Revenue & Customs,13828,33756,
Department of Health and Social Care,Lincolnshire Community Health Services NHS Trust,18/10/2022,National Insurance - Ees,Lchs Balance Sheet,Hm Revenue & Customs,13826,549180.68,
Department of Health and Social Care,Lincolnshire Community Health Services NHS Trust,18/10/2022,National Insurance - Ers,Lchs Balance Sheet,Hm Revenue & Customs,13826,793146.12,
Department of Health and Social Care,Lincolnshire Community Health Services NHS Trust,18/10/2022,Paye - Trust,Lchs Balance Sheet,Hm Revenue & Customs,13827,934248.28,
Department of Health and Social Care,Lincolnshire Community Health Services NHS Trust,18/10/2022,Student Loan - Trust,Lchs Balance Sheet,Hm Revenue & Customs,13827,36066,
Department of Health and Social Care,Lincolnshire Community Health Services NHS Trust,18/10/2022,Lease Liab>1yr,Lchs Balance Sheet,Nhs Property Services Ltd,13542,392762.28,
Department of Health and Social Care,Lincolnshire Community Health Services NHS Trust,18/10/2022,Supply Chain Control<1yr,Lchs Balance Sheet,Sccl - Nhs Supply Chain (Sales),11421,38796.11,
Department of Health and Social Care,Lincolnshire Community Health Services NHS Trust,18/10/2022,Supply Chain Control<1yr,Lchs Balance Sheet,Sccl - Nhs Supply Chain (Sales),11627,51075.73,
Department of Health and Social Care,Lincolnshire Community Health Services NHS Trust,18/10/2022,Supply Chain Control<1yr,Lchs Balance Sheet,Sccl - Nhs Supply Chain (Sales),11871,51094.41,
Department of Health and Social Care,Lincolnshire Community Health Services NHS Trust,18/10/2022,Supply Chain Control<1yr,Lchs Balance Sheet,Sccl - Nhs Supply Chain (Sales),12260,64265.07,
Department of Health and Social Care,Lincolnshire Community Health Services NHS Trust,18/10/2022,Supply Chain Control<1yr,Lchs Balance Sheet,Sccl - Nhs Supply Chain (Sales),12363,37088.35,
Department of Health and Social Care,Lincolnshire Community Health Services NHS Trust,18/10/2022,Supply Chain Control<1yr,Lchs Balance Sheet,Sccl - Nhs Supply Chain (Sales),12912,60375,
Department of Health and Social Care,Lincolnshire Community Health Services NHS Trust,18/10/2022,Supply Chain Control<1yr,Lchs Balance Sheet,Sccl - Nhs Supply Chain (Sales),13252,48321.57,
Department of Health and Social Care,Lincolnshire Community Health Services NHS Trust,18/10/2022,Supply Chain Control<1yr,Lchs Balance Sheet,Sccl - Nhs Supply Chain (Sales),12786,43614.7,
Department of Health and Social Care,Lincolnshire Community Health Services NHS Trust,18/10/2022,Supply Chain Control<1yr,Lchs Balance Sheet,Sccl - Nhs Supply Chain (Sales),13389,51477.9,
Department of Health and Social Care,Lincolnshire Community Health Services NHS Trust,18/10/2022,Service & Fm Charge,Spalding Hospitals,Nhs Property Services Ltd,11382,432448.39,
Department of Health and Social Care,Lincolnshire Community Health Services NHS Trust,18/10/2022,Service & Fm Charge,Spalding Hospitals,Nhs Property Services Ltd,11388,498874.62,
Department of Health and Social Care,Lincolnshire Community Health Services NHS Trust,18/10/2022,Service & Fm Charge,Spalding Hospitals,Nhs Property Services Ltd,13542,39686.12,
Department of Health and Social Care,Lincolnshire Community Health Services NHS Trust,25/10/2022,Mobile Phones Purchases,Centralised It Budgets,Millgate Ltd,13440,37182,
Department of Health and Social Care,Lincolnshire Community Health Services NHS Trust,25/10/2022,Estate Shared Service Contract,Facilities Management,Lincolnshire Partnership Nhs Trust,12894,38185.55,
Department of Health and Social Care,Lincolnshire Community Health Services NHS Trust,25/10/2022,Estate Shared Service Contract,Facilities Management,Lincolnshire Partnership Nhs Trust,13522,38185.55,
Department of Health and Social Care,Lincolnshire Community Health Services NHS Trust,25/10/2022,Lease Liab>1yr,Lchs Balance Sheet,Nhs Property Services Ltd,13527,38875.9,
Department of Health and Social Care,Lincolnshire Community Health Services NHS Trust,25/10/2022,Service & Fm Charge,Louth Hospital Estates Managem,Nhs Property Services Ltd,13628,41720.64,
Department of Health and Social Care,Lincolnshire Community Health Services NHS Trust,25/10/2022,Drugs,Medical Director,Lincolnshire Co-Operative Limited- Pharmacy,13127,166916.22,
Department of Health and Social Care,Lincolnshire Community Health Services NHS Trust,25/10/2022,Drugs,Medical Director,Lincolnshire Co-Operative Limited- Pharmacy,13128,28671.67,
Department of Health and Social Care,Lincolnshire Community Health Services NHS Trust,25/10/2022,Nhs Subcontracted Services,Transitional Care,Age Uk Lincoln & South Lincolnshire,13964,73440,
Department of Health and Social Care,Lincolnshire Community Health Services NHS Trust,01/11/2022,Eat Equipment Purchase,Eats,Smartbox Assistive Technology Ltd,14162,48546,
Department of Health and Social Care,Lincolnshire Community Health Services NHS Trust,01/11/2022,Lease Liab>1yr,Lchs Balance Sheet,Nhs Property Services Ltd,13530,75006.18,
Department of Health and Social Care,Lincolnshire Community Health Services NHS Trust,01/11/2022,Lease Liab>1yr,Lchs Balance Sheet,Nhs Property Services Ltd,13585,53461.32,
Department of Health and Social Care,Lincolnshire Community Health Services NHS Trust,08/11/2022,Laboratory External Tests,John Coupland Scotter Ward,Northern Lincs&Goole Hospital Nhs Ft,9774,28006.53,
Department of Health and Social Care,Lincolnshire Community Health Services NHS Trust,08/11/2022,Drugs,Medical Director,Lincolnshire Co-Operative Limited- Pharmacy,13957,27761.67,
Department of Health and Social Care,Lincolnshire Community Health Services NHS Trust,08/11/2022,Drugs,Medical Director,Lincolnshire Co-Operative Limited- Pharmacy,13960,155101.81,
Department of Health and Social Care,Lincolnshire Community Health Services NHS Trust,15/11/2022,It Services Contract,Centralised It Budgets,Arden And Gem Csu,14851,45376.25,
Department of Health and Social Care,Lincolnshire Community Health Services NHS Trust,15/11/2022,It Services Contract,Centralised It Budgets,Healthy Io (Uk) Ltd,12744,60000,
Department of Health and Social Care,Lincolnshire Community Health Services NHS Trust,15/11/2022,Estate Shared Service Contract,Facilities Management,Lincolnshire Partnership Nhs Trust,14977,38185.55,
Department of Health and Social Care,Lincolnshire Community Health Services NHS Trust,15/11/2022,Contractual Clinical Service,Finance Business Intelligence,United Lincolnshire Hospitals Nhs Trust,12793,26282,
Department of Health and Social Care,Lincolnshire Community Health Services NHS Trust,15/11/2022,Service & Fm Charge,John Coupland Hospital,Nhs Property Services Ltd,13620,213968.05,
Department of Health and Social Care,Lincolnshire Community Health Services NHS Trust,15/11/2022,Computer Hardware - Auc Pur,Lchs Balance Sheet,Dell Corporation Limited,13835,486450,
Department of Health and Social Care,Lincolnshire Community Health Services NHS Trust,15/11/2022,Appentice Levy - Trust,Lchs Balance Sheet,Hm Revenue & Customs,15015,28897,
Department of Health and Social Care,Lincolnshire Community Health Services NHS Trust,15/11/2022,National Insurance - Ees,Lchs Balance Sheet,Hm Revenue & Customs,15013,438928.93,
Department of Health and Social Care,Lincolnshire Community Health Services NHS Trust,15/11/2022,National Insurance - Ers,Lchs Balance Sheet,Hm Revenue & Customs,15013,643367.56,
Department of Health and Social Care,Lincolnshire Community Health Services NHS Trust,15/11/2022,Paye - Trust,Lchs Balance Sheet,Hm Revenue & Customs,15012,723640.47,
Department of Health and Social Care,Lincolnshire Community Health Services NHS Trust,15/11/2022,Supply Chain Control<1yr,Lchs Balance Sheet,Sccl - Nhs Supply Chain (Sales),13632,49136.37,
Department of Health and Social Care,Lincolnshire Community Health Services NHS Trust,15/11/2022,Supply Chain Control<1yr,Lchs Balance Sheet,Sccl - Nhs Supply Chain (Sales),13955,39195.5,
Department of Health and Social Care,Lincolnshire Community Health Services NHS Trust,15/11/2022,Supply Chain Control<1yr,Lchs Balance Sheet,Sccl - Nhs Supply Chain (Sales),14179,51685.26,
Department of Health and Social Care,Lincolnshire Community Health Services NHS Trust,15/11/2022,Supply Chain Control<1yr,Lchs Balance Sheet,Sccl - Nhs Supply Chain (Sales),14505,50581.83,
Department of Health and Social Care,Lincolnshire Community Health Services NHS Trust,15/11/2022,Supply Chain Control<1yr,Lchs Balance Sheet,Sccl - Nhs Supply Chain (Sales),14837,42282.88,
Department of Health and Social Care,Lincolnshire Community Health Services NHS Trust,15/11/2022,Laboratory External Tests,Lish,Hsl Pathology Llp,13429,47599.96,
Department of Health and Social Care,Lincolnshire Community Health Services NHS Trust,15/11/2022,Continence Products,Specialist Continence Team,Essity Uk Ltd,7180,135452.38,
Department of Health and Social Care,Lincolnshire Community Health Services NHS Trust,15/11/2022,Continence Products,Specialist Continence Team,Essity Uk Ltd,9605,147613.3,
Department of Health and Social Care,Lincolnshire Community Health Services NHS Trust,15/11/2022,Continence Products,Specialist Continence Team,Essity Uk Ltd,13456,161199.02,
Department of Health and Social Care,Lincolnshire Community Health Services NHS Trust,15/11/2022,Continence Products,Specialist Continence Team,Essity Uk Ltd,12450,180906.41,
Department of Health and Social Care,Lincolnshire Community Health Services NHS Trust,15/11/2022,Continence Products,Specialist Continence Team,Essity Uk Ltd,13062,168193.06,
Department of Health and Social Care,Lincolnshire Community Health Services NHS Trust,15/11/2022,Continence Products,Specialist Continence Team,Essity Uk Ltd,14637,162000.21,
Department of Health and Social Care,Lincolnshire Community Health Services NHS Trust,15/11/2022,Nursing Home Beds,Transitional Care,Lincolnshire County Council,13972,900000,
Department of Health and Social Care,Lincolnshire Community Health Services NHS Trust,22/11/2022,It Services Contract,Centralised It Budgets,Mll Telecom Ltd,13408,30828.91,
Department of Health and Social Care,Lincolnshire Community Health Services NHS Trust,22/11/2022,Lease Car Ins Ppayment < 1 Yr,Lchs Balance Sheet,Brian Johnston & Co (Insurance Brokers),13642,115862.4,
Department of Health and Social Care,Lincolnshire Community Health Services NHS Trust,22/11/2022,Equipment Medical - Auc Pur,Lchs Balance Sheet,De Smit Medical Systems Ltd,15069,106222.8,
Department of Health and Social Care,Lincolnshire Community Health Services NHS Trust,22/11/2022,Creditor Suspense,Lchs Balance Sheet,University Of Lincoln,8734,35000,
Department of Health and Social Care,Lincolnshire Community Health Services NHS Trust,22/11/2022,Laboratory External Tests,Lish,Hsl Pathology Llp,15137,49351.45,
Department of Health and Social Care,Lincolnshire Community Health Services NHS Trust,22/11/2022,Service & Fm Charge,Spalding Hospitals,Nhs Property Services Ltd,13629,498874.62,
Department of Health and Social Care,Lincolnshire Community Health Services NHS Trust,22/11/2022,It Services Contract,Systems Management,Helicon Health Limited,15079,200000.4,
Department of Health and Social Care,Lincolnshire Community Health Services NHS Trust,22/11/2022,Nhs Subcontracted Services,Transitional Care,Age Uk Lincoln & South Lincolnshire,15259,73440,
Department of Health and Social Care,Lincolnshire Community Health Services NHS Trust,01/12/2022,External Consultancy Delivery,Board Secretary,Deloitte Llp,15064,46334.12,
Department of Health and Social Care,Lincolnshire Community Health Services NHS Trust,01/12/2022,Estate Shared Service Contract,Facilities Management,Lincolnshire Partnership Nhs Trust,15581,41965,
Department of Health and Social Care,Lincolnshire Community Health Services NHS Trust,01/12/2022,Subscription Fees,Sais,Cinnamon Digital Applications Limited,11474,36000,
Department of Health and Social Care,Lincolnshire Community Health Services NHS Trust,06/12/2022,Other Research Exp,Coral Research,University Of Lincoln,10193,30166.82,
Department of Health and Social Care,Lincolnshire Community Health Services NHS Trust,06/12/2022,Computer Hardware - Auc Pur,Lchs Balance Sheet,Dell Corporation Limited,14789,35040,
Department of Health and Social Care,Lincolnshire Community Health Services NHS Trust,06/12/2022,Drugs,Medical Director,Lincolnshire Co-Operative Limited- Pharmacy,15255,218782.97,
Department of Health and Social Care,Lincolnshire Community Health Services NHS Trust,06/12/2022,Drugs,Medical Director,Lincolnshire Co-Operative Limited- Pharmacy,15256,28301.67,
Department of Health and Social Care,Lincolnshire Community Health Services NHS Trust,06/12/2022,Continence Products,Specialist Continence Team,Essity Uk Ltd,16020,174613.31,
Department of Health and Social Care,Lincolnshire Community Health Services NHS Trust,13/12/2022,Lease Buildings Insurance,Beech House Lincoln,Stenigot Uk Ltd,15948,71643,
Department of Health and Social Care,Lincolnshire Community Health Services NHS Trust,13/12/2022,Estate Shared Service Contract,Facilities Management,Lincolnshire Partnership Nhs Trust,16337,38185.55,
Department of Health and Social Care,Lincolnshire Community Health Services NHS Trust,13/12/2022,Equipment Medical - Auc Pur,Lchs Balance Sheet,Becton Dickinson (Cme) U.K. Limited,15906,92892.72,
Department of Health and Social Care,Lincolnshire Community Health Services NHS Trust,13/12/2022,Appentice Levy - Trust,Lchs Balance Sheet,Hm Revenue & Customs,16257,28969,
Department of Health and Social Care,Lincolnshire Community Health Services NHS Trust,13/12/2022,National Insurance - Ees,Lchs Balance Sheet,Hm Revenue & Customs,16256,394402.14,
Department of Health and Social Care,Lincolnshire Community Health Services NHS Trust,13/12/2022,National Insurance - Ers,Lchs Balance Sheet,Hm Revenue & Customs,16256,588940.76,
Department of Health and Social Care,Lincolnshire Community Health Services NHS Trust,13/12/2022,Paye - Trust,Lchs Balance Sheet,Hm Revenue & Customs,16255,744625.35,
Department of Health and Social Care,Lincolnshire Community Health Services NHS Trust,20/12/2022,It Services Contract,Centralised It Budgets,Arden And Gem Csu,16579,45376.25,
Department of Health and Social Care,Lincolnshire Community Health Services NHS Trust,20/12/2022,Procurement Services Contract,Corporate Charges,United Lincolnshire Hospitals Nhs Trust,9265,50494.26,
Department of Health and Social Care,Lincolnshire Community Health Services NHS Trust,20/12/2022,Procurement Services Contract,Corporate Charges,United Lincolnshire Hospitals Nhs Trust,10071,50494.26,
Department of Health and Social Care,Lincolnshire Community Health Services NHS Trust,20/12/2022,Eat Equipment Purchase,Eats,Smartbox Assistive Technology Ltd,16438,51300,
Department of Health and Social Care,Lincolnshire Community Health Services NHS Trust,20/12/2022,Manager B9,Iscs Funding,Nhs England,12084,76323.54,
Department of Health and Social Care,Lincolnshire Community Health Services NHS Trust,20/12/2022,Supply Chain Control<1yr,Lchs Balance Sheet,Sccl - Nhs Supply Chain (Sales),15160,44596.19,
Department of Health and Social Care,Lincolnshire Community Health Services NHS Trust,20/12/2022,Supply Chain Control<1yr,Lchs Balance Sheet,Sccl - Nhs Supply Chain (Sales),15455,45156.88,
Department of Health and Social Care,Lincolnshire Community Health Services NHS Trust,20/12/2022,Supply Chain Control<1yr,Lchs Balance Sheet,Sccl - Nhs Supply Chain (Sales),15721,47006.12,
Department of Health and Social Care,Lincolnshire Community Health Services NHS Trust,20/12/2022,Supply Chain Control<1yr,Lchs Balance Sheet,Sccl - Nhs Supply Chain (Sales),16073,46266.07,
Department of Health and Social Care,Lincolnshire Community Health Services NHS Trust,20/12/2022,Sal Sac Home Electronics,Lchs Balance Sheet,Sme Hci Ltd T/A Vivup,16238,31455,
Department of Health and Social Care,Lincolnshire Community Health Services NHS Trust,03/01/2023,Manager B9,Iscs Funding,Nhs England,12077,46382.84,
Department of Health and Social Care,Lincolnshire Community Health Services NHS Trust,03/01/2023,Nhs Subcontracted Services,Iscs Funding,Nhs Lincolnshire Ccg,12911,98798,
Department of Health and Social Care,Lincolnshire Community Health Services NHS Trust,03/01/2023,Supply Chain Control<1yr,Lchs Balance Sheet,Sccl - Nhs Supply Chain (Sales),16439,46674.78,
Department of Health and Social Care,Lincolnshire Community Health Services NHS Trust,03/01/2023,Supply Chain Control<1yr,Lchs Balance Sheet,Sccl - Nhs Supply Chain (Sales),16819,63656.94,
Department of Health and Social Care,Lincolnshire Community Health Services NHS Trust,03/01/2023,Nhs Subcontracted Services,Transitional Care,Age Uk Lincoln & South Lincolnshire,17162,73440,
Department of Health and Social Care,Lincolnshire Community Health Services NHS Trust,03/01/2023,Computer Software/License,Urgent Community Response,Civica Uk Limited,17018,83040,
Department of Health and Social Care,Lincolnshire Community Health Services NHS Trust,10/01/2023,Sal Sac Lease Cars,Lchs Balance Sheet,Northumbria Healthcare Nhs Ft,15604,25020.78,
Department of Health and Social Care,Lincolnshire Community Health Services NHS Trust,10/01/2023,Supply Chain Control<1yr,Lchs Balance Sheet,Sccl - Nhs Supply Chain (Sales),17277,64008.85,
Department of Health and Social Care,Lincolnshire Community Health Services NHS Trust,10/01/2023,Drugs,Medical Director,Lincolnshire Co-Operative Limited- Pharmacy,16692,248087.21,
Department of Health and Social Care,Lincolnshire Community Health Services NHS Trust,10/01/2023,Drugs,Medical Director,Lincolnshire Co-Operative Limited- Pharmacy,16705,30021.67,
Department of Health and Social Care,Lincolnshire Community Health Services NHS Trust,17/01/2023,It Services Contract,Centralised It Budgets,Arden And Gem Csu,17939,45376.25,
Department of Health and Social Care,Lincolnshire Community Health Services NHS Trust,17/01/2023,It Services Contract,Centralised It Budgets,Capita Ib Solutions Ltd,16783,32161.2,
Department of Health and Social Care,Lincolnshire Community Health Services NHS Trust,17/01/2023,Phone Rental And Calls,Centralised It Budgets,United Lincolnshire Hospitals Nhs Trust,13787,39411,
Department of Health and Social Care,Lincolnshire Community Health Services NHS Trust,17/01/2023,Phone Rental And Calls,Centralised It Budgets,United Lincolnshire Hospitals Nhs Trust,13791,31445,
Department of Health and Social Care,Lincolnshire Community Health Services NHS Trust,17/01/2023,Estate Shared Service Contract,Facilities Management,Lincolnshire Partnership Nhs Trust,17773,38185.55,
Department of Health and Social Care,Lincolnshire Community Health Services NHS Trust,17/01/2023,Service & Fm Charge,Fen Lane,Nhs Property Services Ltd,18006,25240.77,
Department of Health and Social Care,Lincolnshire Community Health Services NHS Trust,17/01/2023,Appentice Levy - Trust,Lchs Balance Sheet,Hm Revenue & Customs,17921,28934,
Department of Health and Social Care,Lincolnshire Community Health Services NHS Trust,17/01/2023,National Insurance - Ees,Lchs Balance Sheet,Hm Revenue & Customs,17919,395477.04,
Department of Health and Social Care,Lincolnshire Community Health Services NHS Trust,17/01/2023,National Insurance - Ers,Lchs Balance Sheet,Hm Revenue & Customs,17919,588047,
Department of Health and Social Care,Lincolnshire Community Health Services NHS Trust,17/01/2023,Paye - Trust,Lchs Balance Sheet,Hm Revenue & Customs,17920,743885.35,
Department of Health and Social Care,Lincolnshire Community Health Services NHS Trust,17/01/2023,Service & Fm Charge,Louth Hospital Estates Managem,Nhs Property Services Ltd,13547,251470.83,
Department of Health and Social Care,Lincolnshire Community Health Services NHS Trust,17/01/2023,Service & Fm Charge,Skegness Hospital,Nhs Property Services Ltd,13556,341035.91,
Department of Health and Social Care,Lincolnshire Community Health Services NHS Trust,24/01/2023,It Services Contract,Centralised It Budgets,Mll Telecom Ltd,17509,30828.91,
Department of Health and Social Care,Lincolnshire Community Health Services NHS Trust,24/01/2023,Lease Liab>1yr,Lchs Balance Sheet,Nhs Property Services Ltd,17962,53461.32,
Department of Health and Social Care,Lincolnshire Community Health Services NHS Trust,24/01/2023,Laboratory External Tests,Lish,Hsl Pathology Llp,17884,42505.69,
Department of Health and Social Care,Lincolnshire Community Health Services NHS Trust,01/02/2023,Computer Software/License,E-Rostering,Softcat Ltd,15601,139749.6,
Department of Health and Social Care,Lincolnshire Community Health Services NHS Trust,01/02/2023,Computer Software/License,E-Rostering,Softcat Ltd,16432,35149.2,
Department of Health and Social Care,Lincolnshire Community Health Services NHS Trust,01/02/2023,Training Expenses,Lhcc People & Culture,Lincolnshire Refugee Doctor Project Cic,15987,63600,
Department of Health and Social Care,Lincolnshire Community Health Services NHS Trust,01/02/2023,Training Expenses,Lhcc People & Culture,Lincolnshire Training Hub Limited,15986,100000,
Department of Health and Social Care,Lincolnshire Community Health Services NHS Trust,07/02/2023,Financial Services Contract,Corporate Charges,United Lincolnshire Hospitals Nhs Trust,17887,58895,
Department of Health and Social Care,Lincolnshire Community Health Services NHS Trust,07/02/2023,Eat Equipment Purchase,Eats,Smartbox Assistive Technology Ltd,18802,76950,
Department of Health and Social Care,Lincolnshire Community Health Services NHS Trust,07/02/2023,Estate Shared Service Contract,Facilities Management,Lincolnshire Partnership Nhs Trust,19160,38185.55,
Department of Health and Social Care,Lincolnshire Community Health Services NHS Trust,07/02/2023,Lease Liab>1yr,Lchs Balance Sheet,Nhs Property Services Ltd,17975,38875.9,
Department of Health and Social Care,Lincolnshire Community Health Services NHS Trust,07/02/2023,Lease Liab>1yr,Lchs Balance Sheet,Nhs Property Services Ltd,17984,75006.18,
Department of Health and Social Care,Lincolnshire Community Health Services NHS Trust,07/02/2023,Training Expenses,Lhcc People & Culture,Lincolnshire Training Hub Limited,15985,38253.67,
Department of Health and Social Care,Lincolnshire Community Health Services NHS Trust,07/02/2023,Property Lease,Louth Hospital Estates Managem,Nhs Property Services Ltd,17993,41720.64,
Department of Health and Social Care,Lincolnshire Community Health Services NHS Trust,07/02/2023,Patient Support Service,Post Covid Assessment Service,Lincolnshire Partnership Nhs Trust,9262,33180,
Department of Health and Social Care,Lincolnshire Community Health Services NHS Trust,07/02/2023,Patients Appliances Purchase,Specialist Continence Team,Essity Uk Ltd,17526,193173.64,
Department of Health and Social Care,Lincolnshire Community Health Services NHS Trust,07/02/2023,Patients Appliances Purchase,Specialist Continence Team,Essity Uk Ltd,19024,174703.1,
Department of Health and Social Care,Lincolnshire Community Health Services NHS Trust,14/02/2023,It Services Contract,Centralised It Budgets,Arden And Gem Csu,19482,45376.25,
Department of Health and Social Care,Lincolnshire Community Health Services NHS Trust,14/02/2023,Computer Hardware - Auc Pur,Lchs Balance Sheet,Dell Corporation Limited,18729,55140,
Department of Health and Social Care,Lincolnshire Community Health Services NHS Trust,14/02/2023,Appentice Levy - Trust,Lchs Balance Sheet,Hm Revenue & Customs,19406,29990,
Department of Health and Social Care,Lincolnshire Community Health Services NHS Trust,14/02/2023,National Insurance - Ees,Lchs Balance Sheet,Hm Revenue & Customs,19405,405960.78,
Department of Health and Social Care,Lincolnshire Community Health Services NHS Trust,14/02/2023,National Insurance - Ers,Lchs Balance Sheet,Hm Revenue & Customs,19405,614243.79,
Department of Health and Social Care,Lincolnshire Community Health Services NHS Trust,14/02/2023,Paye - Trust,Lchs Balance Sheet,Hm Revenue & Customs,19404,788517.04,
Department of Health and Social Care,Lincolnshire Community Health Services NHS Trust,14/02/2023,Supply Chain Control<1yr,Lchs Balance Sheet,Sccl - Nhs Supply Chain (Sales),17748,31421.62,
Department of Health and Social Care,Lincolnshire Community Health Services NHS Trust,14/02/2023,Supply Chain Control<1yr,Lchs Balance Sheet,Sccl - Nhs Supply Chain (Sales),18089,47840.65,
Department of Health and Social Care,Lincolnshire Community Health Services NHS Trust,14/02/2023,Supply Chain Control<1yr,Lchs Balance Sheet,Sccl - Nhs Supply Chain (Sales),18478,56383.81,
Department of Health and Social Care,Lincolnshire Community Health Services NHS Trust,14/02/2023,Supply Chain Control<1yr,Lchs Balance Sheet,Sccl - Nhs Supply Chain (Sales),18796,33651.33,
Department of Health and Social Care,Lincolnshire Community Health Services NHS Trust,14/02/2023,Supply Chain Control<1yr,Lchs Balance Sheet,Sccl - Nhs Supply Chain (Sales),19219,42332.73,
Department of Health and Social Care,Lincolnshire Community Health Services NHS Trust,14/02/2023,Laboratory External Tests,Lish,Hsl Pathology Llp,16076,54418.24,
Department of Health and Social Care,Lincolnshire Community Health Services NHS Trust,14/02/2023,Drugs,Medical Director,Lincolnshire Co-Operative Limited- Pharmacy,18075,190195.27,
Department of Health and Social Care,Lincolnshire Community Health Services NHS Trust,14/02/2023,Drugs,Medical Director,Lincolnshire Co-Operative Limited- Pharmacy,18076,28501.67,
Department of Health and Social Care,Lincolnshire Community Health Services NHS Trust,14/02/2023,Drugs,Medical Director,Nhs Business Services Authority- Fp10,12885,47366.81,
Department of Health and Social Care,Lincolnshire Community Health Services NHS Trust,14/02/2023,Drugs,Medical Director,Nhs Business Services Authority- Fp10,14554,53250.59,
Department of Health and Social Care,Lincolnshire Community Health Services NHS Trust,14/02/2023,Drugs,Medical Director,Nhs Business Services Authority- Fp10,15647,45712.68,
Department of Health and Social Care,Lincolnshire Community Health Services NHS Trust,14/02/2023,Drugs,Medical Director,Nhs Business Services Authority- Fp10,17284,56617.02,
Department of Health and Social Care,Lincolnshire Community Health Services NHS Trust,14/02/2023,Nursing Home Beds,Transitional Care,Lincolnshire County Council,18487,450000,
Department of Health and Social Care,Lincolnshire Community Health Services NHS Trust,21/02/2023,Nhs Subcontracted Services,Transitional Care,Age Uk Lincoln & South Lincolnshire,19724,73440,
Department of Health and Social Care,Lincolnshire Community Health Services NHS Trust,21/02/2023,Nhs Subcontracted Services,Transitional Care,Age Uk Lincoln & South Lincolnshire,19726,73440,
Department of Health and Social Care,Lincolnshire Community Health Services NHS Trust,01/03/2023,Training Expenses,Lhcc People & Culture,Lincolnshire Refugee Doctor Project Cic,19355,63600,
Department of Health and Social Care,Lincolnshire Community Health Services NHS Trust,01/03/2023,Drugs,Medical Director,Nhs Business Services Authority Pensions,18783,59887.33,
Department of Health and Social Care,Lincolnshire Community Health Services NHS Trust,07/03/2023,Losses And Compensation,Johnson Comm Hosp Inpatients,Rcn Law,18698,26978,
Department of Health and Social Care,Lincolnshire Community Health Services NHS Trust,07/03/2023,Supply Chain Control<1yr,Lchs Balance Sheet,Sccl - Nhs Supply Chain (Sales),19907,46341.39,
Department of Health and Social Care,Lincolnshire Community Health Services NHS Trust,07/03/2023,Supply Chain Control<1yr,Lchs Balance Sheet,Sccl - Nhs Supply Chain (Sales),20219,35179.73,
Department of Health and Social Care,Lincolnshire Community Health Services NHS Trust,07/03/2023,Supply Chain Control<1yr,Lchs Balance Sheet,Sccl - Nhs Supply Chain (Sales),20277,107226.03,
Department of Health and Social Care,Lincolnshire Community Health Services NHS Trust,07/03/2023,Drugs,Medical Director,Lincolnshire Co-Operative Limited- Pharmacy,19717,28401.67,
Department of Health and Social Care,Lincolnshire Community Health Services NHS Trust,07/03/2023,Drugs,Medical Director,Lincolnshire Co-Operative Limited- Pharmacy,19720,235700.37,
Department of Health and Social Care,Lincolnshire Community Health Services NHS Trust,07/03/2023,Drugs,Medical Director,Nhs Business Services Authority- Fp10,11992,46505.83,
Department of Health and Social Care,Lincolnshire Community Health Services NHS Trust,07/03/2023,Nurse B8a,Skegness Utc,Nhs Business Services Auth - Pension Scheme,6459,27058.66,
Department of Health and Social Care,Lincolnshire Community Health Services NHS Trust,07/03/2023,Nhs Subcontracted Services,Transitional Care,Age Uk Lincoln & South Lincolnshire,20538,73440,
Department of Health and Social Care,Lincolnshire Community Health Services NHS Trust,14/03/2023,Lease Buildings Insurance,Beech House Lincoln,Stenigot Uk Ltd,20414,71643,
Department of Health and Social Care,Lincolnshire Community Health Services NHS Trust,14/03/2023,Director Of Operations,Chief Executive,Berkshire Healthcare Nhs Foundation Trust,20503,50630.06,
Department of Health and Social Care,Lincolnshire Community Health Services NHS Trust,14/03/2023,Director Of Operations,Chief Executive,Berkshire Healthcare Nhs Foundation Trust,20502,35207.64,
Department of Health and Social Care,Lincolnshire Community Health Services NHS Trust,14/03/2023,Appentice Levy - Trust,Lchs Balance Sheet,Hm Revenue & Customs,20768,30389,
Department of Health and Social Care,Lincolnshire Community Health Services NHS Trust,14/03/2023,National Insurance - Ees,Lchs Balance Sheet,Hm Revenue & Customs,20767,417142.02,
Department of Health and Social Care,Lincolnshire Community Health Services NHS Trust,14/03/2023,National Insurance - Ers,Lchs Balance Sheet,Hm Revenue & Customs,20767,624376.29,
Department of Health and Social Care,Lincolnshire Community Health Services NHS Trust,14/03/2023,Paye - Trust,Lchs Balance Sheet,Hm Revenue & Customs,20766,806504.11,
Department of Health and Social Care,Lincolnshire Community Health Services NHS Trust,14/03/2023,Supply Chain Control<1yr,Lchs Balance Sheet,Sccl - Nhs Supply Chain (Sales),20593,47661.19,
Department of Health and Social Care,Lincolnshire Community Health Services NHS Trust,14/03/2023,Laboratory External Tests,Lish,Hsl Pathology Llp,19132,49829.52,
Department of Health and Social Care,Lincolnshire Community Health Services NHS Trust,14/03/2023,Laboratory External Tests,Lish,Hsl Pathology Llp,20582,50400.21,
Department of Health and Social Care,Lincolnshire Community Health Services NHS Trust,21/03/2023,Procurement Services Contract,Corporate Charges,United Lincolnshire Hospitals Nhs Trust,17892,100988.52,
Department of Health and Social Care,Lincolnshire Community Health Services NHS Trust,21/03/2023,Financial Services Contract,Corporate Charges,United Lincolnshire Hospitals Nhs Trust,20020,35337,
Department of Health and Social Care,Lincolnshire Community Health Services NHS Trust,21/03/2023,Estate Shared Service Contract,Facilities Management,Lincolnshire Partnership Nhs Trust,20581,38185.55,
Department of Health and Social Care,Lincolnshire Community Health Services NHS Trust,21/03/2023,Supply Chain Control<1yr,Lchs Balance Sheet,Sccl - Nhs Supply Chain (Sales),20939,39716.05,
Department of Health and Social Care,Lincolnshire Community Health Services NHS Trust,21/03/2023,Website,Lhcc People & Culture,Frank Design Ltd,20516,33000,
Department of Health and Social Care,Lincolnshire Community Health Services NHS Trust,21/03/2023,External Contracts,Lhcc People & Culture,Kpmg Llp,20931,432000,
Department of Health and Social Care,Lincolnshire Community Health Services NHS Trust,21/03/2023,External Contracts,Lhcc People & Culture,Kpmg Llp,20932,468000,
Department of Health and Social Care,Lincolnshire Community Health Services NHS Trust,21/03/2023,Drugs,Medical Director,Lincolnshire Co-Operative Limited- Pharmacy,21045,144247.23,
Department of Health and Social Care,Lincolnshire Community Health Services NHS Trust,21/03/2023,Drugs,Medical Director,Lincolnshire Co-Operative Limited- Pharmacy,21044,27521.67,
Department of Health and Social Care,Lincolnshire Community Health Services NHS Trust,21/03/2023,Drugs,Medical Director,Nhs Business Services Authority Pensions,20127,68884.91,
Department of Health and Social Care,Lincolnshire Community Health Services NHS Trust,21/03/2023,Hart Service,Transitional Care,Age Uk Lincoln & South Lincolnshire,21197,350000,
Department of Health and Social Care,Lincolnshire Community Health Services NHS Trust,28/03/2023,Eat Equipment Purchase,Eats,Smartbox Assistive Technology Ltd,21058,57000,
Department of Health and Social Care,Lincolnshire Community Health Services NHS Trust,28/03/2023,Eat Equipment Purchase,Eats,Thomas Stoner Supplies Ltd,19551,50220,
Department of Health and Social Care,Lincolnshire Community Health Services NHS Trust,28/03/2023,Equipment Medical - Auc Pur,Lchs Balance Sheet,Getinge  Limited,21256,67349.4,
Department of Health and Social Care,Lincolnshire Community Health Services NHS Trust,28/03/2023,Supply Chain Control<1yr,Lchs Balance Sheet,Sccl - Nhs Supply Chain (Sales),21232,35219.19,
Department of Health and Social Care,Lincolnshire Community Health Services NHS Trust,28/03/2023,Supply Chain Control<1yr,Lchs Balance Sheet,Sccl - Nhs Supply Chain (Sales),21635,36605.99,
Department of Health and Social Care,Lincolnshire Community Health Services NHS Trust,28/03/2023,Training Expenses,Lhcc People & Culture,Skills For Care Solutions Ltd,21554,36960,
